{
	"Version": "2012-10-17",
	"Statement": [
	  {
		"Sid": "PermissionsForRDSPostgresConnect",
		"Effect": "Allow",
		"Action": [
		  "rds-db:connect"
		],
		"Resource": ${db_identifiers_2}
	  },
	  {
		"Sid": "PermissionsForRDSPostgres",
		"Effect": "Allow",
		"Action": [
		  "rds:DescribeDBClusterAutomatedBackups",
		  "rds:DescribeDBClusterEndpoints",
		  "rds:DescribeDBClusterParameterGroups",
		  "rds:DescribeDBClusterParameters",
		  "rds:DescribeDBClusters",
		  "rds:DescribeDBClusterSnapshotAttributes",
		  "rds:DescribeDBClusterSnapshots",
		  "rds:DescribeDBEngineVersions",
		  "rds:DescribeDBInstanceAutomatedBackups",
		  "rds:DescribeDBInstances",
		  "rds:DescribeDBParameterGroups",
		  "rds:DescribeDBParameters",
		  "rds:DescribeDBSubnetGroups",
		  "rds:DescribeEngineDefaultClusterParameters",
		  "rds:DescribeDBSnapshots",
		  "rds:DescribeDBSecurityGroups",
		  "rds:DescribeDBRecommendations"
		],
		"Resource": ${db_identifiers_1}
	  }
	]
  }
  